"Proposed route","Page","Source file","Source date","Assessment","Reason","Approval state"
"/","B2W homepage","b2w_v14_header_updated.html","2026-10-08","Primary candidate","Latest B2W-specific full prototype, updated header; preserve uniform text-size design","Needs visual approval"
"/","B2W homepage","b2w_v14_corrected.html","2026-10-08","Fallback","Prior corrected state, likely safer rollback baseline","Needs visual approval"
"/","B2W homepage","index(20261008-011908).html","2026-10-08","Alternative concept","Larger integrated Business Decisions + Capital Planning design; materially different structure","Compare before selection"
"/work","B2W portfolio","b2w_v14_header_updated.html","2026-10-08","Layout donor only","Contains sections rather than confirmed dedicated /work route; new route needs assembly","Not an existing distinct page"
"/how-we-work","B2W process","b2w_v14_header_updated.html","2026-10-08","Section donor","Existing How We Work anchored section; route must be factored into page","Not an existing distinct page"
"/perspectives","B2W articles","b2w_v14_header_updated.html","2026-10-08","Section donor","Existing Insights/articles anchored section; route must be factored into page","Not an existing distinct page"
"/jasonai","JasonAI homepage","jasonai-home-v68.html","2026-09-24","Primary stable page","Dedicated executive secretary homepage, complete separate HTML","Needs visual approval"
"/jasonai","JasonAI homepage","index(20261008-011908).html","2026-10-08","Alternative concept","Newer B2W combined demo, not an independent JasonAI page","Compare before selection"
"/jasonai/general-contractors","GC use case","jasonai-general-contractors-v69.html","2026-09-24","Primary stable page","Dedicated GC use-case page with linked source","Needs visual approval"
"/jasonai/trust","Trust and FAQ","jasonai-trust-v55.html","2026-09-24","Primary stable page","Dedicated trust and FAQ page","Needs visual approval"
"/businesses","B2W SMB","b2w-smb-v14.html","2026-09-24","Optional","Dedicated SMB operations page; not necessarily part of desired navigation","Optional"
"/jasonai/demo","Demo","index(20261008-011908).html","2026-10-08","Demo component donor","Integrated decision demo and interactions; extract and validate separately","Needs interaction QA"
"/","Reconstructed prototype","index(20261008-172114).html","2026-10-08","Exclude","Small reconstruction explicitly not faithful to source design","Do not select"