"Project","Deployment ID","Created UTC","State","Target","URL","Git SHA","Source type"
"b2w-live-preview","dpl_GfscpwR9Ebprecz6new4ALXWUC2Q","2026-10-08T19:05:35.360Z","READY","production","b2w-live-preview-f39zyqvjk-aliahm08s-projects.vercel.app","9dc9d8ce00d1cfde65cd9887f1e791cf5378c2a5","B2W-2"
"b2w-live-preview","dpl_CusasbJT9W6rPymMGc3Zxbr1Nm9i","2026-10-08T18:58:49.878Z","READY","preview","b2w-live-preview-or1jih78t-aliahm08s-projects.vercel.app","9eb81a99063a0143a976ff5ad672dc562fd1f8b0","B2W-2"
"b2w-live-preview","dpl_6EQBMt3G1koygyH35H2ChBsZoKLc","2026-10-08T18:58:35.679Z","READY","production","b2w-live-preview-4yqfb6py2-aliahm08s-projects.vercel.app","9eb81a99063a0143a976ff5ad672dc562fd1f8b0","B2W-2"
"b2w-live-preview","dpl_J9kh78UwhL744X6uxKfjrkqfj9Jm","2026-10-08T18:58:33.028Z","READY","production","b2w-live-preview-edknb2iir-aliahm08s-projects.vercel.app","4c12edf0c0ed1c4f2c8d20a5c838f393eade2936","B2W-2"
"b2w-live-preview","dpl_EUxq7Yacym2hyQQgKpzStzoKDVUG","2026-10-08T18:58:29.336Z","READY","production","b2w-live-preview-42hq71t6n-aliahm08s-projects.vercel.app","c40d92999febf547f5835d4be22555cb98aa6bbb","B2W-2"
"b2w-live-preview","dpl_6FP7sVvhQNcp4QK16Dtk6f2psdzh","2026-10-08T18:58:27.300Z","READY","production","b2w-live-preview-bxundrw4m-aliahm08s-projects.vercel.app","8f1fc7411140d168ffc599a065c4f19dcb58a1d9","B2W-2"
"b2w-live-preview","dpl_6BV1D4qxEtePCdDcwxY8x18of7on","2026-10-08T18:56:20.151Z","READY","production","b2w-live-preview-37j4aqlbg-aliahm08s-projects.vercel.app","86516f02ab02245f6f0c81ccf1eedbf4efc0168d","B2W-2"
"b2w-live-preview","dpl_ApyrFGQxMpHzERh2rfkBL7CFioi9","2026-10-08T18:51:39.791Z","READY","production","b2w-live-preview-b3wx7o0pg-aliahm08s-projects.vercel.app","98c3960acb8b124c1da50d950d6b367d149255c9","B2W-2"
"b2w-live-preview","dpl_DZuLzUH44A6LTBqG9NK6dPY6Jbmj","2026-10-08T18:50:05.388Z","READY","production","b2w-live-preview-j9cd0joh2-aliahm08s-projects.vercel.app","1d2e25935f4359a67b1aba9a5d0dd46384e57b9a","B2W-2"
"b2w-live-preview","dpl_4xkoy87MoR2zvP9X841GsjLvseWz","2026-10-08T06:59:12.635Z","READY","preview","b2w-live-preview-6t9zln7vm-aliahm08s-projects.vercel.app","","legacy deployment"
"b2w-live-preview","dpl_5YVVnbDWEjaXW113ryf6HTyxaF8r","2026-10-08T06:14:46.158Z","READY","production","b2w-live-preview-a9rf5uczf-aliahm08s-projects.vercel.app","","legacy deployment"
"b2w-live-preview","dpl_CtgeR2uUMR1XfbLLWW95MSe2Kt6s","2026-10-08T06:10:50.045Z","READY","production","b2w-live-preview-gvhbivez2-aliahm08s-projects.vercel.app","","legacy deployment"
"b2w-live-preview","dpl_DU3EiqeGJcJy6e2mGpuzF77FGCv7","2026-10-08T05:58:11.719Z","READY","production","b2w-live-preview-mzv6b3e47-aliahm08s-projects.vercel.app","","legacy deployment"
"b2w-live-preview","dpl_Covq792gRCBQNxpMqoTgSzA4WQVW","2026-10-08T05:02:14.813Z","READY","production","b2w-live-preview-gppng4dm1-aliahm08s-projects.vercel.app","","legacy deployment"
"b2w-live-preview","dpl_BJcpVb9Few3RpRUm8CnShkZqTRsP","2026-10-08T04:59:12.126Z","READY","production","b2w-live-preview-kxpuulbj0-aliahm08s-projects.vercel.app","","legacy deployment"
"b2w-live-preview","dpl_xVevyYjmaFu3JUfgPTgUFH9yTS1P","2026-10-08T04:57:34.801Z","READY","production","b2w-live-preview-3b1vaabfy-aliahm08s-projects.vercel.app","","legacy deployment"
"b2w-live-preview","dpl_D7CiwZmfjKQeELrRsUgg7HZQmLDG","2026-10-08T04:55:33.771Z","READY","production","b2w-live-preview-h5mqoywqe-aliahm08s-projects.vercel.app","","legacy deployment"
"b2w-live-preview","dpl_DxR92oMKS6aKZF4H8XJJNa7SKGEz","2026-10-08T04:51:31.385Z","READY","production","b2w-live-preview-jbaav9qol-aliahm08s-projects.vercel.app","","legacy deployment"
"b2w-live-preview","dpl_EfaRAouRmqCXQkPQNi9MowV7odNm","2026-10-08T04:48:23.142Z","READY","production","b2w-live-preview-dpaj3vijj-aliahm08s-projects.vercel.app","","legacy deployment"
"b2w-live-preview","dpl_8Bh9YkyW4fPL53N1LJLnRB79uZVe","2026-10-08T04:46:05.988Z","READY","production","b2w-live-preview-aalz1oaln-aliahm08s-projects.vercel.app","","legacy deployment"
"b2w-live-preview","dpl_F2hSRTNSkaD4nnmJHd5YEbi1eFnx","2026-10-08T04:40:36.310Z","READY","production","b2w-live-preview-3pi7ksuq2-aliahm08s-projects.vercel.app","","legacy deployment"
"b2w-live-preview","dpl_DWhS3AVN24BcMcexY64uRJU2vw5X","2026-10-08T04:33:01.515Z","READY","production","b2w-live-preview-932ho5f6n-aliahm08s-projects.vercel.app","","legacy deployment"
"b2w-live-preview","dpl_2qFBFmGg5YLE5LzgQTChK4R7fMb2","2026-10-08T04:27:26.086Z","READY","production","b2w-live-preview-d0ie4dn5o-aliahm08s-projects.vercel.app","","legacy deployment"
"b2w-live-preview","dpl_Dp5ZKPzHMq9zN9fzW1VHrhHbWPBA","2026-10-08T04:23:18.942Z","READY","production","b2w-live-preview-2os9uxej0-aliahm08s-projects.vercel.app","","legacy deployment"
"b2w-live-preview","dpl_EueCwZsX54N56eRRedAzDEJQzssF","2026-10-08T04:17:53.739Z","READY","production","b2w-live-preview-a0wx7fd6r-aliahm08s-projects.vercel.app","","legacy deployment"
"b2w-live-preview","dpl_AsycT3evVyYmT4Bt4HgGK3V1F9kp","2026-10-08T04:00:15.780Z","READY","production","b2w-live-preview-3itazygrc-aliahm08s-projects.vercel.app","","legacy deployment"
"b2w-live-preview","dpl_GEaEiNrRcDXHT5ajMqAoN2pNTuRz","2026-10-08T03:56:24.107Z","READY","production","b2w-live-preview-b9qac0s9p-aliahm08s-projects.vercel.app","","legacy deployment"
"b2w-live-preview","dpl_CX66oLHKrk4jZW6ZcTvWRaQnsdTA","2026-10-08T03:47:34.852Z","READY","production","b2w-live-preview-8ld7741ec-aliahm08s-projects.vercel.app","","legacy deployment"
"b2w-live-preview","dpl_BdFsePbpUdikMkWxX39GHfngjsRk","2026-10-08T03:29:43.666Z","READY","production","b2w-live-preview-7e76l4wvg-aliahm08s-projects.vercel.app","","legacy deployment"
"b2w-live-preview","dpl_DttrAPs7yDaGZ8YjcikAoLBiiXfq","2026-10-08T03:12:58.144Z","READY","production","b2w-live-preview-f21xhsemx-aliahm08s-projects.vercel.app","","legacy deployment"
"b2w-live-preview","dpl_2i8h1k8p216CqTqGm362nqrCny2S","2026-10-08T03:07:09.347Z","READY","production","b2w-live-preview-b7tddoxj0-aliahm08s-projects.vercel.app","","legacy deployment"
"b2w-live-preview","dpl_7Sn4ZnZraGA4to5qvz2zNvAKtVLu","2026-10-08T03:05:35.241Z","READY","production","b2w-live-preview-j0txojz0q-aliahm08s-projects.vercel.app","","legacy deployment"
"b2w-live-preview","dpl_NMx1JwSvv4ZWmYjBBs2VJW22XaZW","2026-10-08T03:03:24.359Z","READY","production","b2w-live-preview-b3o6hnenj-aliahm08s-projects.vercel.app","","legacy deployment"
"b2w-live-preview","dpl_Hknjj4aBzRfMMp3La8ppZcngMrDp","2026-10-08T03:00:02.142Z","READY","production","b2w-live-preview-ncluedm2p-aliahm08s-projects.vercel.app","","legacy deployment"
"b2w-live-preview","dpl_BeL7k7KNuif1oeiKSTAR1qyeLSRx","2026-10-08T02:55:31.654Z","READY","production","b2w-live-preview-74ckiuzxv-aliahm08s-projects.vercel.app","","legacy deployment"
"b2w-live-preview","dpl_DPUUb2zYxtvX3x5WPbVfAaMU7zLH","2026-10-08T02:48:49.709Z","READY","production","b2w-live-preview-f5jzt1qpq-aliahm08s-projects.vercel.app","","legacy deployment"
"b2w-live-preview","dpl_5Fr7PHe1hULtXwQNWB82o28DLxek","2026-10-08T02:42:56.038Z","READY","production","b2w-live-preview-h3gcsemsn-aliahm08s-projects.vercel.app","","legacy deployment"
"b2w-live-preview","dpl_DMyuGjy4aUBUJUZEDNZ4L56Ea4LU","2026-10-08T02:39:05.470Z","READY","production","b2w-live-preview-rcthy8z03-aliahm08s-projects.vercel.app","","legacy deployment"
"b2w-live-preview","dpl_ByQtREiQ51wZDJQp8M9KTPAgqTDL","2026-10-08T02:30:46.771Z","READY","production","b2w-live-preview-gcnw5zx4e-aliahm08s-projects.vercel.app","","legacy deployment"
"b2w-live-preview","dpl_2nFjgupGaLrimvn3LThp8bxQ8bgm","2026-10-08T02:24:58.888Z","READY","production","b2w-live-preview-crjgwjjsg-aliahm08s-projects.vercel.app","","legacy deployment"
"b2w-live-preview","dpl_9iMwL9ZfxPnka1UN8hB2rRTyMW2S","2026-10-08T02:21:19.430Z","READY","production","b2w-live-preview-2tavf3hz5-aliahm08s-projects.vercel.app","","legacy deployment"
"b2w-live-preview","dpl_J84aUm9D33c6Eg6ZcqCowQg4WczQ","2026-10-08T02:17:16.865Z","READY","production","b2w-live-preview-bw662myow-aliahm08s-projects.vercel.app","","legacy deployment"
"b2w-live-preview","dpl_G6fRyNjwwAgyAHMLp1YCVjin4wCu","2026-10-08T02:11:09.250Z","READY","production","b2w-live-preview-q9dtgi0fz-aliahm08s-projects.vercel.app","","legacy deployment"
"b2w-live-preview","dpl_GE9uopzroLqTpLZQqNuE6LAVsQR2","2026-10-08T02:09:19.115Z","READY","production","b2w-live-preview-8x996oko9-aliahm08s-projects.vercel.app","","legacy deployment"
"b2w-live-preview","dpl_A4M3bRi76KVcVv84bWGqtFtqWFxw","2026-10-08T02:06:52.694Z","READY","production","b2w-live-preview-f7l7zeoy5-aliahm08s-projects.vercel.app","","legacy deployment"
"b2w-live-preview","dpl_E6vq42KrRtpdtQtSURVwKJCyTbiY","2026-10-08T02:05:48.181Z","READY","production","b2w-live-preview-pbab80hf5-aliahm08s-projects.vercel.app","","legacy deployment"
"b2w-live-preview","dpl_DSHKYTWMmtwjhq9M9Wepp92ZG5Mg","2026-10-08T02:04:50.971Z","READY","production","b2w-live-preview-3jggjcyqa-aliahm08s-projects.vercel.app","","legacy deployment"
"b2w-live-preview","dpl_QsxqfsnD3ZJkBZKCiUqmSvHETksg","2026-10-08T02:03:31.352Z","READY","production","b2w-live-preview-17zgwa8gq-aliahm08s-projects.vercel.app","","legacy deployment"
"b2w-live-preview","dpl_En7wu3ZEV58ZsYpodaquxZRaDS2L","2026-10-08T02:00:27.223Z","READY","production","b2w-live-preview-oa26f68tp-aliahm08s-projects.vercel.app","","legacy deployment"
"b2w-live-preview","dpl_CkRvb1B1SwospsBQjjYL4e2zYi6o","2026-10-08T01:58:01.453Z","READY","production","b2w-live-preview-rzekwng6i-aliahm08s-projects.vercel.app","","legacy deployment"
"b2w-live-preview","dpl_Euh7nJ23cVPU4ndjUgxrqLcQZaEd","2026-10-08T01:55:58.308Z","READY","production","b2w-live-preview-fzdampkw5-aliahm08s-projects.vercel.app","","legacy deployment"
"b2w-live-preview","dpl_451fzEyWbVTS2u8jwMRy1mBb89eN","2026-10-08T01:53:42.197Z","READY","production","b2w-live-preview-db26ygg32-aliahm08s-projects.vercel.app","","legacy deployment"
"b2w-live-preview","dpl_H5vGQKL8Eh89wkLXZwK7xM7TowM7","2026-10-08T01:51:04.361Z","READY","production","b2w-live-preview-htoqm5868-aliahm08s-projects.vercel.app","","legacy deployment"
"b2w-live-preview","dpl_EZKiVEr4cyj3eQsSsA12kphi3xKg","2026-10-08T01:49:09.868Z","READY","production","b2w-live-preview-izy7gk9gm-aliahm08s-projects.vercel.app","","legacy deployment"
"b2w-live-preview","dpl_HoE36dLK9fkMrFnDPDDjCVnKa8C8","2026-10-08T01:47:23.606Z","READY","production","b2w-live-preview-gid3k3rr3-aliahm08s-projects.vercel.app","","legacy deployment"
"b2w-live-preview","dpl_EorXvLkkmFDWJfU8TaCtEj9No7s1","2026-10-08T01:46:08.599Z","READY","production","b2w-live-preview-r5aaddt1l-aliahm08s-projects.vercel.app","","legacy deployment"
"b2w-live-preview","dpl_47tx9TpKqp9agQBUbvKYFswp3HwN","2026-10-08T01:41:44.711Z","READY","production","b2w-live-preview-iqxo4e1pd-aliahm08s-projects.vercel.app","","legacy deployment"
"b2w-live-preview","dpl_73vbBZycPiRNqg3Z6SmCR6JTPRTq","2026-10-08T01:39:50.104Z","READY","production","b2w-live-preview-qrdx4m0to-aliahm08s-projects.vercel.app","","legacy deployment"
"b2w-live-preview","dpl_EybVSSYH6m8nwiu7yTbzxqhmXeHE","2026-10-08T01:37:27.372Z","READY","production","b2w-live-preview-idgccodu2-aliahm08s-projects.vercel.app","","legacy deployment"
"b2w-live-preview","dpl_7VjcNhBSFKPWwGokgan1V9bvzwNx","2026-10-08T01:32:12.462Z","READY","production","b2w-live-preview-9g4g4vs8t-aliahm08s-projects.vercel.app","","legacy deployment"
"b2w-live-preview","dpl_CnU4HhcQEt6fhn9XVBKLMFW2z6zW","2026-10-08T01:27:51.113Z","READY","production","b2w-live-preview-hi8y8mjpu-aliahm08s-projects.vercel.app","","legacy deployment"
"b2w-live-preview","dpl_Fkfc3mfXJbF5HQaZ1XrMoFA1TKpV","2026-10-08T01:25:06.319Z","READY","production","b2w-live-preview-auj5nop6h-aliahm08s-projects.vercel.app","","legacy deployment"
"b2w-live-preview","dpl_47eKNhBrX4isj6ev69Sx7ChomSyW","2026-10-08T01:23:30.688Z","READY","production","b2w-live-preview-gpm13md28-aliahm08s-projects.vercel.app","","legacy deployment"
"b2w-live-preview","dpl_MbumnERxE17QF7UyFXUqiGWL7nnQ","2026-10-08T01:21:55.177Z","READY","production","b2w-live-preview-rijqtnlnt-aliahm08s-projects.vercel.app","","legacy deployment"
"b2w-live-preview","dpl_CqEVRchqaN3eacAdRwejX2K4Luod","2026-10-08T01:20:57.896Z","READY","production","b2w-live-preview-k6tk5hgzv-aliahm08s-projects.vercel.app","","legacy deployment"
"b2w-live-preview","dpl_48prhE912KmcKpA21edUWiTgFh3M","2026-10-08T01:20:03.848Z","READY","production","b2w-live-preview-2g2i2c0ek-aliahm08s-projects.vercel.app","","legacy deployment"
"b2w-live-preview","dpl_KQ7SryceAvcpCJZ542z6gZbMcRYS","2026-10-08T01:18:37.793Z","READY","production","b2w-live-preview-hbw6x9fp9-aliahm08s-projects.vercel.app","","legacy deployment"
"b2w-live-preview","dpl_ArjN9KEJVXXgEFGTwk8xyrDBUfov","2026-10-08T01:17:47.221Z","READY","preview","b2w-live-preview-oyjg5dkki-aliahm08s-projects.vercel.app","","legacy deployment"
"b2w-live-preview","dpl_2nyB61PUfefFDq9qJc2LUNea972F","2026-10-08T01:12:24.596Z","READY","production","b2w-live-preview-dyhwovc6e-aliahm08s-projects.vercel.app","","legacy deployment"
"b2w-live-preview","dpl_C9K7gZrNUxQqeAE43iE6CLW14nk6","2026-10-08T01:08:47.104Z","READY","production","b2w-live-preview-ovcmaa3qv-aliahm08s-projects.vercel.app","","legacy deployment"
"b2w-live-preview","dpl_ASmXVYRiU9vJ54sajdquzGzev7HP","2026-10-07T23:50:20.490Z","READY","preview","b2w-live-preview-ax1sebh43-aliahm08s-projects.vercel.app","","legacy deployment"
"b2w-live-preview","dpl_3L6ANFA85bF8FZARnMymZmmTxvTQ","2026-10-07T23:42:33.362Z","READY","production","b2w-live-preview-fqik54aey-aliahm08s-projects.vercel.app","","legacy deployment"
"b2w-live-preview","dpl_nakWGPeHqUe6SBKXyzWFfP6VETPA","2026-10-07T23:40:00.379Z","READY","preview","b2w-live-preview-cjdllo1gx-aliahm08s-projects.vercel.app","","legacy deployment"
"b2w-live-preview","dpl_33ELX6S4512RLDwnYaP6kvwGCi31","2026-10-07T23:25:51.813Z","READY","production","b2w-live-preview-b6baujbl4-aliahm08s-projects.vercel.app","","legacy deployment"
"b2w-live-preview","dpl_7kfdnakB3GauQzpRoZFRB5DsTznk","2026-10-07T23:19:20.161Z","READY","production","b2w-live-preview-aslru4eo6-aliahm08s-projects.vercel.app","","legacy deployment"
"b2w-live-preview","dpl_FqKXmnFN7CfmTFSASjYZ2gNnA7Bk","2026-10-07T22:37:04.992Z","READY","production","b2w-live-preview-5056u2qes-aliahm08s-projects.vercel.app","","legacy deployment"
"b2w-live-preview","dpl_G3og2ZtjWSieYbiQdSrWH9HzXXvr","2026-10-07T22:06:25.809Z","READY","production","b2w-live-preview-ueduwf1ia-aliahm08s-projects.vercel.app","","legacy deployment"
"b2w-live-preview","dpl_BgPAVG6LVtuHBkyo1QaDgCpuPJBq","2026-10-07T22:01:54.244Z","READY","production","b2w-live-preview-63xkfvftt-aliahm08s-projects.vercel.app","","legacy deployment"
"b2w-live-preview","dpl_8gkgwm2gLHfgW2LaTpqyP9sf4D9s","2026-10-07T21:58:10.786Z","READY","production","b2w-live-preview-g0s6ae14m-aliahm08s-projects.vercel.app","","legacy deployment"
"b2w-live-preview","dpl_2o6ts7sWGZSNZvPGtff3wkB3hnvG","2026-10-07T21:46:24.914Z","READY","production","b2w-live-preview-prveboki0-aliahm08s-projects.vercel.app","","legacy deployment"
"b2w-live-preview","dpl_AhVYWRX1MtSxMfGB8uhj8xVrgCtr","2026-10-07T21:33:33.231Z","READY","production","b2w-live-preview-2k7lerk6j-aliahm08s-projects.vercel.app","","legacy deployment"
"jasonai-live-preview","dpl_EeAXX6vqmjxLWZ1FbExRXWgCsH3c","2026-10-08T06:12:10.505Z","READY","production","jasonai-live-preview-ckceuwnc7-aliahm08s-projects.vercel.app","","legacy deployment"
"jasonai-live-preview","dpl_3XBg7Z8fMzxZfDRUXyQ12e4RZiyV","2026-10-08T06:09:17.935Z","READY","production","jasonai-live-preview-bryel3wu2-aliahm08s-projects.vercel.app","","legacy deployment"
"jasonai-live-preview","dpl_2i6Ke5TnUcM7gQUhMokvyW2CAG2K","2026-10-08T05:59:53.364Z","READY","production","jasonai-live-preview-f4milizzz-aliahm08s-projects.vercel.app","","legacy deployment"
"jasonai-live-preview","dpl_6u9BgKimSNEdRG2sHCQK2GM4EzBw","2026-10-08T05:49:16.744Z","READY","production","jasonai-live-preview-7o4m08zc9-aliahm08s-projects.vercel.app","","legacy deployment"